{
    "timeReplayDataList": [
        {
            "instanceID": -25686,
            "pointsInTimeFull": [
                {
                    "position": {
                        "x": -5.131563186645508,
                        "y": -5.2974700927734379,
                        "z": 0.0
                    },
                    "rotation": {
                        "x": 0.0,
                        "y": 0.0,
                        "z": 0.0,
                        "w": 1.0
                    },
                    "velocity": {
                        "x": 1.01689875125885,
                        "y": 0.7789555191993713
                    },
                    "angularVelocity": 0.0,
                    "scale": {
                        "x": 1.457028865814209,
                        "y": 1.457028865814209,
                        "z": 1.0
                    },
                    "tag": "MeteorLarge",
                    "spawnedAt": 21.915882110595704,
                    "destroyedAt": 21.935882568359376,
                    "isEnabled": true
                }
            ]
        },
        {
            "instanceID": -25670,
            "pointsInTimeFull": [
                {
                    "position": {
                        "x": 9.725990295410157,
                        "y": 0.903145968914032,
                        "z": 0.0
                    },
                    "rotation": {
                        "x": 0.0,
                        "y": 0.0,
                        "z": 0.0,
                        "w": 1.0
                    },
                    "velocity": {
                        "x": -0.20631816983222962,
                        "y": -0.07946812361478806
                    },
                    "angularVelocity": 0.0,
                    "scale": {
                        "x": 0.20000000298023225,
                        "y": 0.20000000298023225,
                        "z": 0.20000000298023225
                    },
                    "tag": "SpeedPowerUp",
                    "spawnedAt": 21.915882110595704,
                    "destroyedAt": 21.935882568359376,
                    "isEnabled": true
                }
            ]
        },
        {
            "instanceID": 41040,
            "pointsInTimeFull": [
                {
                    "position": {
                        "x": 0.0,
                        "y": 0.0,
                        "z": 0.0
                    },
                    "rotation": {
                        "x": 0.0,
                        "y": 0.0,
                        "z": 0.0,
                        "w": 1.0
                    },
                    "velocity": {
                        "x": 0.0,
                        "y": 0.0
                    },
                    "angularVelocity": 0.0,
                    "scale": {
                        "x": 3.0,
                        "y": 3.0,
                        "z": 1.0
                    },
                    "tag": "PlayerShip",
                    "spawnedAt": 21.915882110595704,
                    "destroyedAt": 21.935882568359376,
                    "isEnabled": true
                }
            ]
        }
    ]
}