{
    "timeReplayDataList": [
        {
            "instanceID": -139316,
            "pointsInTimeFull": [
                {
                    "position": {
                        "x": -9.387341499328614,
                        "y": 2.029796600341797,
                        "z": 0.0
                    },
                    "rotation": {
                        "x": 0.0,
                        "y": 0.0,
                        "z": 0.0,
                        "w": 1.0
                    },
                    "velocity": {
                        "x": 1.5297584533691407,
                        "y": -0.8988822102546692
                    },
                    "angularVelocity": 0.0,
                    "scale": {
                        "x": 1.6089341640472413,
                        "y": 1.6089341640472413,
                        "z": 1.0
                    },
                    "tag": "MeteorLarge",
                    "spawnedAt": 43.05000686645508,
                    "destroyedAt": 43.07000732421875,
                    "isEnabled": true
                }
            ]
        },
        {
            "instanceID": -139300,
            "pointsInTimeFull": [
                {
                    "position": {
                        "x": 0.3791518211364746,
                        "y": 5.344860553741455,
                        "z": 0.0
                    },
                    "rotation": {
                        "x": 0.0,
                        "y": 0.0,
                        "z": 0.0,
                        "w": 1.0
                    },
                    "velocity": {
                        "x": 0.1318219155073166,
                        "y": -0.5966807007789612
                    },
                    "angularVelocity": 0.0,
                    "scale": {
                        "x": 0.10000000149011612,
                        "y": 0.10000000149011612,
                        "z": 0.10000000149011612
                    },
                    "tag": "TripleFireRatePowerUp",
                    "spawnedAt": 43.05000686645508,
                    "destroyedAt": 43.07000732421875,
                    "isEnabled": true
                }
            ]
        },
        {
            "instanceID": 110010,
            "pointsInTimeFull": [
                {
                    "position": {
                        "x": 0.0,
                        "y": 0.0,
                        "z": 0.0
                    },
                    "rotation": {
                        "x": 0.0,
                        "y": 0.0,
                        "z": 0.0,
                        "w": 1.0
                    },
                    "velocity": {
                        "x": 0.0,
                        "y": 0.0
                    },
                    "angularVelocity": 0.0,
                    "scale": {
                        "x": 3.0,
                        "y": 3.0,
                        "z": 1.0
                    },
                    "tag": "PlayerShip",
                    "spawnedAt": 43.05000686645508,
                    "destroyedAt": 43.07000732421875,
                    "isEnabled": true
                }
            ]
        }
    ]
}